{"cameraMode":{"drawMode":0,"name":"Shaded","section":"Shading Mode"},"sceneLighting":true,"audioPlay":false,"sceneViewState":{"showFog":true,"showMaterialUpdate":false,"showSkybox":true,"showFlares":true,"showImageEffects":true,"showParticleSystems":true},"in2DMode":false,"pivot":{"x":-0.6207756996154785,"y":1.1551010608673096,"z":-0.15226760506629945},"rotation":{"x":-0.12298228591680527,"y":0.8485013842582703,"z":-0.225546732544899,"w":-0.46265706419944765},"size":10.38664436340332,"orthographic":false}